INSERT INTO anggota (id_anggota, nama_anggota, alamat, nomor_telepon, email)
VALUES (1, 'budi santoso', 'jln.merdeka 12, surabaya', '082678998732', 'budisantoso@gmail.com'),
(2, 'ana sulistyaningrum', 'jln.diponegoro 23,surabaya', '081345678901', 'anasulistyaningrum@gmail.com'),
(3, 'candra gunawan','jln.sudirman 34,surabaya','081456789012','candragunawan@gmail.com'),
(4, 'agung gunawan','jln.patimura 35,surabaya','081456789014','agungcandra@gmail.com'),
(5, 'arif setiawan','jln.kebangsaan 45,surabaya','081567890123','arifsetiawan@gmail.com'),
(6, 'dwi wulandari','jln.telang 05 madura','081678901234','dewiwulan@gmail.com'),
(7, 'fajar eka','jln.sidodadi 01 surabaya','081789012345','fajareka@gmail.com'),
(8, 'ivan febri','jln.rahayu 21 sidoarjo','081890123456','ivanfebri@gmail.com'),
(9, 'rahman fajar','jln.anggrek 23 surabaya','081908756','rahmanfajar@gmail.com'),
(10, 'yoga febri','jln.melati 24 madura','082012345678','yogafebri@gmail.com'),
(11, 'sandi setya','jln. mawar 33 madura','08224578901','sandi@gmail.com'),
(12, 'anwar setya','jln .melati 34 madura','084412376801','anwarsetya@gmail.com'),
(13, 'febri gunawan','jln.kamboja 12 sidoarjo','0835990134145','febrigunawan@gmail.com'),
(14, 'rendi eka','jln.merak 10 sidoarjo','08926578912','rendieka@gmail.com'),
(15, 'setyo ramdan','jln.tulip 20 sidoarjo','0887623456','setyoramdan@gmail.com'),
(16, 'ragil eka','jln.biru 12 sidoarjo','089478901256','ragileka@gmail.com'),
(17, 'fauzi supri','jln.merah 13 sidoarjo','086703880','fauzisupri@gmail.com'),
(18, 'galih eko','jln.surga 14 sidoarjo','0892096543','galiheko@gmail.com'),
(19, 'adam damar','jln.meksiko 15 sidoarjo','0812760923','adamdamar@gmail.com'),
(20, 'abintang luhung','jln.rafles 16 sidoarjo','08926573789','abintang@gmail.com');


INSERT INTO buku (id_buku,judul_buku,pengarang,penerbit,tahun_terbit,kategori)
VALUES (100, 'laskar pelangi','andrea hirata','benteng pustaka','2005','non-fiksi'),
(101, 'sang mimpi','andrea hirata','benteng pustaka','2006','non-fiksi'),
(102, 'endensor','andrea hirata','benteng pustaka','2007','non-fiksi'),
(103, 'maryamah','leila s chudori','gramedia','2008','non-fiksi'),
(104, 'lintang utara','leila s chudori','gramedia','2009','non-fiksi'),
(105, 'laut bercerita','leila s chudori','repbulika penerbit','2010','non-fiksi'),
(106, 'negeri para bedebah','tereliye','gramedia','2011','non-fiksi'),
(107, 'tentang kamu','tereliye','mizan media','2012','non-fiksi'),
(108, 'hafalan shalat','leila s chudori','gramedia','2013','non-fiksi'),
(109, 'orang biasa','eka kurniawan','bentang pustaka','2014','non-fiksi'),
(110, 'negeri 5 menara','eka kurniawan','gramedia','2015','fiksi'),
(111, 'ranah 3 warna','eka kurniawan','mizan media','2016','fiksi'),
(112, 'ketika cinta bertasbih','leila s chudori','mizan media','2017','fiksi'),
(113, 'ayat ayat cinta','eka kurniawan','republika penerbit','2018','fiksi'),
(114, 'ketika cinta bertasbih 2','andrea hirata','gramedia','2019','fiksi'),
(115, '5 cm','andrea hirata','republika penerbit','2020','fiksi'),
(116, 'senyap','donny dirgantoro','republika penerbit','2021','fiksi'),
(117, 'cantik itu luka','donny dirgantoro','grasindo','2022','fiksi'),
(118, 'generasi baru','donny dirgantoro','grasindo','2023','fiksi'),
(119, 'siksa kubur','leila s chudori','grasindo','2024','fiksi');


INSERT INTO peminjam (id_peminjaman,id_anggota,id_buku,tanggal_peminjaman,tanggal_jatuh_tempo)
VALUES (120,'1','100','2023-03-01','2023-03-15'),
(121,'2','101','2023-03-02','2023-03-16'),
(122,'3','102','2023-03-03','2023-03-17'),
(123,'4','103','2023-03-04','2023-03-18'),
(124,'5','104',	'2023-03-05','2023-03-19'),
(125,'6','105','2023-03-06','2023-03-20'),
(126,'7','106','2023-03-07','2023-03-21'),
(127,'8','107','2023-03-08','2023-03-22'),
(128,'9','108','2023-03-09','2023-03-23'),
(129,'10','109','2023-03-10','2023-03-24'),
(130,'11','110','2023-03-11','2023-03-25'),
(131,'12','111','2023-03-12','2023-03-26'),
(132,'13','112','2023-03-13','2023-03-27'),
(133,'14','113','2023-03-14','2023-03-28'),
(134,'15','114','2023-03-15','2023-03-29'),
(135,'16','115','2023-03-16','2023-03-30'),
(136,'17','116','2023-03-17','2023-03-31'),
(137,'18','117','2023-03-18','2023-04-01'),
(138,'19','118','2023-03-19','2023-04-02'),
(139,'20','119','2023-03-20','2023-04-03');


INSERT INTO pengembalian(id_pengembalian,id_peminjaman,tanggal_pengembalian,denda)
VALUES(140,'120','2023-03-10','RP 5.0000'),
    (142,'121','2023-03-11','RP 5.0000'),
    (143,'122','2023-03-12','RP 5.0000'),
    (144,'123','2023-03-13','RP 5.0000'),
    (145,'124','2023-03-14','RP 5.0000'),
    (146,'125','2023-03-15','RP 5.0000'),
    (147,'126','2023-03-16','RP 5.0000'),
    (148,'127','2023-03-17','RP 5.0000'),
    (149,'128','2023-03-18','RP 5.0000'),
    (150,'129','2023-03-19','RP 5.0000'),
    (151,'130','2023-03-20','RP 5.0000'),
    (152,'131','2023-03-21','RP 5.0000'),
    (153,'132','2023-03-22','RP 5.0000'),
    (154,'133','2023-03-23','RP 5.0000'),
    (155,'134','2023-03-24','RP 5.0000'),
    (156,'135','2023-03-25','RP 5.0000'),
    (157,'136','2023-03-26','RP 5.0000'),
    (158,'137','2023-03-27','RP 5.0000'),
    (159,'138','2023-03-28','RP 5.0000'),
    (160,'139','2023-03-29','RP 5.0000');
    
    
 INSERT INTO kategori (id_kategori,nama_kategori)
 VALUES (161, 'non-fiksi'),
(162,'non-fiksi'),
(163,'non-fiksi'),
(164,'non-fiksi'),
(165,'non-fiksi'),
(166,'non-fiksi'),
(168,'non-fiksi'),
(169,'non-fiksi'),
(170,'non-fiksi'),
(171,'non-fiksi'),
(172,'fiksi'),
(173,'fiksi'),
(174,'fiksi'),
(175,'fiksi'),
(176,'fiksi'),
(177,'fiksi'),
(178,'fiksi'),
(179,'fiksi'),
(180,'fiksi'),
(181,'fiksi'); 