INSERT INTO admin_perpus (id_admin, nama_lengkap, username, pass) VALUES
	(10001, 'Rachmad', 'admin_rachmad', 'rachmad123'),
	(10002, 'Aziz', 'admin_aziz', 'aziz123'),
	(10003, 'Fazarikha', 'admin_fazarikha', 'fazarikha123'),
	(10004, 'Roro', 'admin_roro', 'roro123'),
	(10005, 'Ananda', 'admin_ananda', 'ananda123'),
	(10006, 'Setyawardhani', 'admin_setyawardhani', 'setyawardhani123'),
	(10007, 'Mad', 'admin_mad', 'mad123'),
	(10008, 'Faza', 'admin_faza', 'faza123'),
	(10009, 'Nanda', 'admin_nanda', 'nanda123'),
	(10010, 'Anan', 'admin_anan', 'anan123'),
	(10011, 'Achmad', 'admin_achmad', 'achmad123'),
	(10012, 'Setya', 'admin_setya', 'setya123'),
	(10013, 'Rikha', 'admin_rikha', 'rikha123'),
	(10014, 'Wardhani', 'admin_wardhani', 'wardhani123'),
	(10015, 'Raf', 'admin_raf', 'raf123'),
	(10016, 'Rachmad', 'admin_rachmad', 'rachmad123'),
	(10017, 'Rora', 'admin_rora', 'rora123'),
	(10018, 'Anaka', 'admin_anaka', 'anaka123'),
	(10019, 'Aurora', 'admin_aurora', 'aurora123'),
	(10020, 'Raro', 'admin_raro', 'raro123');

INSERT INTO anggota (id_anggota, id_admin, nama_full, tmpt_lahir, tgl_lahir, alamat, gender, hp) VALUES
	(2300001, 10008, 'Balmond', 'Gresik', '2003-06-02', 'Gresik Kota Baru', 'L', '082125250375'),
	(2300002, 10009, 'Nana', 'Jakarta', '2002-03-15', 'Jakarta Selatan', 'P', '081234567890'),
	(2300003, 10010, 'Budi', 'Surabaya', '2001-12-20', 'Surabaya Timur', 'L', '085678901234'),
	(2300004, 10011, 'Siti', 'Bandung', '2004-08-10', 'Bandung Barat', 'P', '089876543210'),
	(2300005, 10012, 'Joko', 'Semarang', '2000-05-25', 'Semarang Utara', 'L', '081234567890'),
	(2300006, 10013, 'Dewi', 'Medan', '1999-10-30', 'Medan Kota', 'P', '085678901234'),
	(2300007, 10014, 'Agus', 'Yogyakarta', '1998-07-05', 'Yogyakarta Tengah', 'L', '089876543210'),
	(2300008, 10015, 'Rina', 'Surabaya', '2003-04-12', 'Surabaya Barat', 'P', '081234567890'),
	(2300009, 10016, 'Eko', 'Bandung', '2002-01-17', 'Bandung Timur', 'L', '085678901234'),
	(2300010, 10017, 'Lina', 'Semarang', '2001-06-22', 'Semarang Selatan', 'P', '089876543210'),
	(2300011, 10018, 'Hadi', 'Medan', '2004-03-27', 'Medan Barat', 'L', '081234567890'),
	(2300012, 10019, 'Sari', 'Yogyakarta', '2000-11-01', 'Yogyakarta Utara', 'P', '085678901234'),
	(2300013, 10020, 'Andi', 'Jakarta', '1999-08-06', 'Jakarta Pusat', 'L', '089876543210'),
	(2300014, 10001, 'Rini', 'Surabaya', '2003-05-11', 'Surabaya Utara', 'P', '081234567890'),
	(2300015, 10002, 'Dika', 'Bandung', '2002-02-16', 'Bandung Selatan', 'L', '085678901234'),
	(2300016, 10003, 'Rizki', 'Semarang', '2001-07-21', 'Semarang Barat', 'L', '089876543210'),
	(2300017, 10004, 'Nur', 'Medan', '2004-04-26', 'Medan Timur', 'P', '081234567890'),
	(2300018, 10005, 'Bambang', 'Yogyakarta', '2000-12-31', 'Yogyakarta Selatan', 'L', '085678901234'),
	(2300019, 10006, 'Santi', 'Jakarta', '1999-10-05', 'Jakarta Timur', 'P', '089876543210'),
	(2300020, 10007, 'Fajar', 'Surabaya', '1998-05-10', 'Surabaya Selatan', 'L', '081234567890'),
	(2300021, 10008, 'Maya', 'Bandung', '2003-02-15', 'Bandung Utara', 'P', '085678901234'),
	(2300022, 10009, 'Yoga', 'Semarang', '2002-09-20', 'Semarang Timur', 'L', '089876543210'),
	(2300023, 10010, 'Linda', 'Medan', '2001-04-25', 'Medan Baru', 'P', '081234567890'),
	(2300024, 10011, 'Rudi', 'Yogyakarta', '2004-01-30', 'Yogyakarta Barat', 'L', '085678901234'),
	(2300025, 10012, 'Ani', 'Jakarta', '2000-08-05', 'Jakarta Barat', 'P', '089876543210'),
	(2300026, 10013, 'Rian', 'Surabaya', '1999-05-10', 'Surabaya Utara', 'L', '081234567890'),
	(2300027, 10014, 'Dewa', 'Bandung', '1998-12-15', 'Bandung Selatan', 'L', '085678901234'),
	(2300028, 10015, 'Lulu', 'Semarang', '2003-07-20', 'Semarang Barat', 'P', '089876543210'),
	(2300029, 10016, 'Iwan', 'Medan', '2002-02-25', 'Medan Timur', 'L', '081234567890'),
	(2300030, 10017, 'Nina', 'Yogyakarta', '2001-09-30', 'Yogyakarta Selatan', 'P', '085678901234');

INSERT INTO buku_pepus (id_buku, id_admin, judul, penulis, penerbit, tahun_terbit, jumlah) VALUES
	(91000001, 10008, 'Pulang', 'Tere Liye', 'Republika', '2020', 10),
	(91000002, 10009, 'Laskar Pelangi', 'Andrea Hirata', 'Bentang Pustaka', '2005', 15),
	(91000003, 10010, 'Ayat-ayat Cinta', 'Habiburrahman El Shirazy', 'Republika', '2004', 12),
	(91000004, 10011, 'Harry Potter dan Batu Bertuah', 'J.K. Rowling', 'Gramedia Pustaka Utama', '2000', 20),
	(91000005, 10012, 'Perahu Kertas', 'Dee Lestari', 'Bentang Pustaka', '2008', 18),
	(91000006, 10013, 'Bumi Manusia', 'Pramoedya Ananta Toer', 'Hasta Mitra', '1980', 25),
	(91000007, 10014, '5 cm', 'Donny Dhirgantoro', 'Gagas Media', '2005', 22),
	(91000008, 10015, 'Sang Pemimpi', 'Andrea Hirata', 'Bentang Pustaka', '2006', 17),
	(91000009, 10016, 'Dilan: Dia adalah Dilanku Tahun 1990', 'Pidi Baiq', 'Pastel Books', '2014', 14),
	(91000010, 10017, 'Negeri 5 Menara', 'Ahmad Fuadi', 'Gramedia Pustaka Utama', '2009', 16),
	(91000011, 10018, 'Laut Bercerita', 'Leila S. Chudori', 'Kepustakaan Populer Gramedia', '2013', 19),
	(91000012, 10019, 'Matahari', 'Tere Liye', 'Republika', '2014', 21),
	(91000013, 10020, 'Ronggeng Dukuh Paruk', 'Ahmad Tohari', 'Gramedia Pustaka Utama', '1982', 23),
	(91000014, 10001, 'Aku Ini Binatang Jalang', 'Chairil Anwar', 'Penerbit Republika', '1948', 28),
	(91000015, 10002, 'Sitti Nurbaya', 'Marah Rusli', 'Balai Pustaka', '1922', 30),
	(91000016, 10003, 'Pramoedya Ananta Toer: Kumpulan Cerpen', 'Pramoedya Ananta Toer', 'Hasta Mitra', '1970', 26),
	(91000017, 10004, 'Hujan Bulan Juni', 'Sapardi Djoko Damono', 'Gramedia Pustaka Utama', '1994', 24),
	(91000018, 10005, 'Senja di Jakarta', 'Mochtar Lubis', 'Bulungan', '1963', 27),
	(91000019, 10006, 'Bumi Cinta', 'Habiburrahman El Shirazy', 'Republika', '2004', 20),
	(91000020, 10007, 'Lautan Cinta', 'Nur Sutan Iskandar', 'Matahari', '1996', 16),
	(91000021, 10008, 'Madre', 'Dee Lestari', 'Bentang Pustaka', '2015', 18),
	(91000022, 10009, 'Dua Garis Biru', 'Gina S. Noer', 'Gagas Media', '2011', 15),
	(91000023, 10010, 'Mata Yang Enak Dipandang', 'Ahmad Tohari', 'Gramedia Pustaka Utama', '1983', 22),
	(91000024, 10011, 'Sepotong Senja untuk Pacarku', 'Seno Gumira Ajidarma', 'Lentera Dipantara', '2016', 19),
	(91000025, 10012, 'Pulau Imaji', 'Nirwan Dewanto', 'Gramedia Pustaka Utama', '2005', 17),
	(91000026, 10013, 'Pulang', 'Leila S. Chudori', 'Kepustakaan Populer Gramedia', '2012', 23),
	(91000027, 10014, 'Negeri van Oranje', 'Beeh Ahmad', 'Gramedia Pustaka Utama', '2008', 21),
	(91000028, 10015, 'Rantau 1 Muara', 'Ahmad Fuadi', 'Gramedia Pustaka Utama', '2011', 16),
	(91000029, 10016, 'Gerhana Kembar', 'Wulan Dewatra', 'Grasindo', '2013', 14),
	(91000030, 10017, 'Dua Ibu', 'Tere Liye', 'Republika', '2019', 25);
	
	
INSERT INTO peminjaman (id_pinjam, id_anggota, id_admin, tgl_kembali) VALUES
	(1, 2300023, 10014, '2023-08-01'),
	(2, 2300001, 10002, '2023-08-02'),
	(3, 2300025, 10003, '2023-08-03'),
	(4, 2300012, 10004, '2023-08-04'),
	(5, 2300006, 10005, '2023-08-05'),
	(6, 2300022, 10006, '2023-08-06'),
	(7, 2300015, 10007, '2023-08-07'),
	(8, 2300027, 10008, '2023-08-08'),
	(9, 2300008, 10009, '2023-08-09'),
	(10, 2300004, 10010, '2023-08-10'),
	(11, 2300007, 10011, '2023-08-11'),
	(12, 2300019, 10012, '2023-08-12'),
	(13, 2300028, 10013, '2023-08-13'),
	(14, 2300002, 10014, '2023-08-14'),
	(15, 2300026, 10015, '2023-08-15'),
	(16, 2300010, 10016, '2023-08-16'),
	(17, 2300018, 10017, '2023-08-17'),
	(18, 2300014, 10018, '2023-08-18'),
	(19, 2300005, 10019, '2023-08-19'),
	(20, 2300021, 10020, '2023-08-20'),
	(21, 2300030, 10001, '2023-08-21'),
	(22, 2300016, 10002, '2023-08-22'),
	(23, 2300020, 10003, '2023-08-23'),
	(24, 2300003, 10004, '2023-08-24'),
	(25, 2300029, 10005, '2023-08-25'),
	(26, 2300017, 10006, '2023-08-26'),
	(27, 2300009, 10007, '2023-08-27'),
	(28, 2300024, 10008, '2023-08-28'),
	(29, 2300011, 10009, '2023-08-29'),
	(30, 2300013, 10010, '2023-08-30');
	
	
INSERT INTO detail_pinjam (id_peminjaman, id_pinjam, id_buku, tgl_kembali, denda, status_peminjaman) VALUES
	(001, 1, 91000015, '2023-09-01', 5000, 'Sudah Kembali'),
	(002, 2, 91000002, '2023-09-02', NULL, 'Belum Kembali'),
	(003, 3, 91000003, '2023-09-03', 7000, 'Sudah Kembali'),
	(004, 4, 91000004, '2023-09-04', NULL, 'Belum Kembali'),
	(005, 5, 91000005, '2023-09-05', 3000, 'Sudah Kembali'),
	(006, 6, 91000006, '2023-09-06', 0, 'Sudah Kembali'),
	(007, 7, 91000007, '2023-09-07', NULL, 'Belum Kembali'),
	(008, 8, 91000008, '2023-09-08', NULL, 'Belum Kembali'),
	(009, 9, 91000009, '2023-09-09', 2000, 'Sudah Kembali'),
	(010, 10, 91000010, '2023-09-10', NULL, 'Belum Kembali'),
	(011, 11, 91000011, '2023-09-11', 4000, 'Sudah Kembali'),
	(012, 12, 91000012, '2023-09-12', 0, 'Sudah Kembali'),
	(013, 13, 91000013, '2023-09-13', NULL, 'Belum Kembali'),
	(014, 14, 91000014, '2023-09-14', NULL, 'Belum Kembali'),
	(015, 15, 91000015, '2023-09-15', 1000, 'Sudah Kembali'),
	(016, 16, 91000016, '2023-09-16', NULL, 'Belum Kembali'),
	(017, 17, 91000017, '2023-09-17', 6000, 'Sudah Kembali'),
	(018, 18, 91000018, '2023-09-18', 0, 'Sudah Kembali'),
	(019, 19, 91000019, '2023-09-19', NULL, 'Belum Kembali'),
	(020, 20, 91000020, '2023-09-20', NULL, 'Belum Kembali'),
	(021, 21, 91000021, '2023-09-21', 8000, 'Sudah Kembali'),
	(022, 22, 91000022, '2023-09-22', NULL, 'Belum Kembali'),
	(023, 23, 91000023, '2023-09-23', 0, 'Sudah Kembali'),
	(024, 24, 91000024, '2023-09-24', NULL, 'Belum Kembali'),
	(025, 25, 91000025, '2023-09-25', 1500, 'Sudah Kembali'),
	(026, 26, 91000026, '2023-09-26', NULL, 'Belum Kembali'),
	(027, 27, 91000027, '2023-09-27', NULL, 'Belum Kembali'),
	(028, 28, 91000028, '2023-09-28', 3000, 'Sudah Kembali'),
	(029, 29, 91000029, '2023-09-29', NULL, 'Belum Kembali'),
	(030, 30, 91000030, '2023-09-30', 5000, 'Sudah Kembali');